{
  "accuracy": 0.7104,
  "precision": 0.6180785612872692,
  "recall": 0.6707755521314843,
  "f1_score": 0.6433497536945813,
  "roc_auc": 0.7820059954331885,
  "confusion_matrix": [
    [
      2246,
      807
    ],
    [
      641,
      1306
    ]
  ]
}